{
  "project_info": {
    "project_number": "988760251721",
    "firebase_url": "https://manchesterfootball-b9a14.firebaseio.com",
    "project_id": "manchesterfootball-b9a14",
    "storage_bucket": "manchesterfootball-b9a14.appspot.com"
  },
  "client": [
    {
      "client_info": {
        "mobilesdk_app_id": "1:988760251721:android:5c614607c3668146790e98",
        "android_client_info": {
          "package_name": "com.manchesterclub.manchesterfootball"
        }
      },
      "oauth_client": [
        {
          "client_id": "988760251721-a4qeks1rqk3au4s6lviprieijjv3fcag.apps.googleusercontent.com",
          "client_type": 1,
          "android_info": {
            "package_name": "com.manchesterclub.manchesterfootball",
            "certificate_hash": "a22479c369dd9c15fe3dfc60aae79e5cb827473b"
          }
        },
        {
          "client_id": "988760251721-oqeih1em2jnsmgu04k7ef7rhmh8ieg8k.apps.googleusercontent.com",
          "client_type": 3
        }
      ],
      "api_key": [
        {
          "current_key": "AIzaSyCon3kqH8Ole2bgYwoD2pxL3yOrv31Z-EU"
        }
      ],
      "services": {
        "appinvite_service": {
          "other_platform_oauth_client": [
            {
              "client_id": "988760251721-oqeih1em2jnsmgu04k7ef7rhmh8ieg8k.apps.googleusercontent.com",
              "client_type": 3
            }
          ]
        }
      }
    }
  ],
  "configuration_version": "1"
}